,age,sex,state,location,education,employment,marital status,health centers have ability to test COVID-19?,available vaccine,time to get result,no of patients,concerns,challenges,factor to get vaccine,cost,which vaccine,willingness
0,0,0,7,2,2,4,2,2,1,0,1,5,1,14,2,2,1
1,0,0,8,1,1,4,2,2,2,2,0,4,15,2,2,3,0
2,0,1,7,2,2,4,2,2,1,4,3,1,2,14,2,2,1
3,0,0,7,2,2,4,2,0,1,6,0,4,15,16,2,3,0
4,0,0,7,2,2,4,2,2,2,2,2,5,13,26,0,2,1
5,0,0,17,2,2,4,2,2,1,1,0,5,2,6,2,0,1
6,0,1,8,0,2,4,2,2,2,0,0,4,31,9,2,0,1
7,0,1,7,2,1,0,2,2,2,2,2,8,25,31,2,3,0
8,1,1,8,0,1,4,2,2,2,0,0,7,2,2,0,3,0
9,0,0,8,1,2,4,2,2,2,2,3,4,15,16,2,2,1
10,0,1,15,2,1,4,2,0,0,6,0,5,8,11,2,3,0
11,0,1,8,1,2,4,2,2,1,6,0,4,8,2,2,3,1
12,0,1,8,0,1,0,2,2,1,4,3,4,2,14,2,0,1
13,1,1,8,0,3,2,0,0,2,6,3,13,2,31,1,3,1
14,0,1,8,0,2,4,2,2,0,4,3,5,29,18,2,1,1
15,0,0,7,2,1,0,2,2,2,4,0,1,8,3,2,3,1
16,0,0,16,2,2,4,2,2,2,0,0,4,2,2,0,2,1
17,0,0,8,1,1,4,2,2,1,4,1,4,9,14,2,0,1
18,0,1,11,2,1,4,2,2,1,0,3,5,2,16,2,0,1
19,0,1,8,0,1,3,2,2,2,6,3,4,2,2,2,0,1
20,0,1,13,2,1,4,2,2,0,1,0,6,2,6,2,3,0
21,0,1,8,1,2,4,2,2,1,2,3,13,2,16,2,2,1
22,0,0,8,2,1,4,2,2,2,0,0,4,2,2,1,2,1
23,0,0,10,1,1,0,2,2,1,2,2,4,0,33,2,2,1
24,0,1,8,0,1,4,2,2,0,0,0,13,10,16,0,2,1
25,0,1,7,2,1,4,2,2,1,2,0,4,2,4,2,0,1
26,0,0,7,2,1,4,2,2,1,6,0,4,2,21,2,0,1
27,0,0,7,1,2,4,2,2,2,6,0,6,19,25,2,3,0
28,0,0,7,2,1,4,2,2,0,1,0,4,5,9,2,0,1
29,0,0,10,1,1,4,2,2,1,2,0,4,8,2,2,2,1
30,0,0,7,1,2,4,2,2,1,4,0,4,2,2,1,2,1
31,0,0,8,1,2,4,2,2,0,2,3,4,2,2,0,2,1
32,0,0,7,2,1,4,2,2,0,2,3,13,2,14,2,2,1
33,0,1,15,1,1,4,2,2,1,4,0,4,6,24,0,1,1
34,0,1,10,2,2,4,2,2,1,0,0,1,27,2,0,2,1
35,0,1,8,1,1,4,2,2,1,6,3,4,2,14,2,0,1
36,0,0,8,2,2,4,2,2,2,6,3,4,8,16,2,0,1
37,0,0,7,0,1,4,2,2,2,6,0,4,2,32,2,2,1
38,0,0,8,1,1,4,2,2,1,6,3,4,2,24,2,0,1
39,0,0,7,2,1,4,2,2,2,5,1,1,2,33,2,3,0
40,0,1,8,2,1,4,2,2,2,2,2,4,0,2,0,0,1
41,0,1,7,2,1,4,2,2,2,1,3,4,2,25,2,3,0
42,0,1,8,2,1,4,2,2,2,4,3,4,8,2,2,3,0
43,0,0,17,2,1,4,2,2,2,1,3,4,15,33,2,0,1
44,0,0,8,1,2,4,2,2,0,6,0,5,9,2,0,1,1
45,0,0,7,2,2,4,2,2,2,2,3,4,2,14,2,0,1
46,0,1,7,1,1,4,2,2,1,2,1,5,31,12,0,0,0
47,0,1,8,1,1,4,2,2,2,2,1,4,2,17,2,0,1
48,0,1,10,0,1,4,2,2,1,4,3,13,9,14,2,2,1
49,0,0,7,2,2,4,2,2,2,6,0,4,2,2,0,1,0
50,0,1,15,1,2,4,2,2,2,2,0,5,2,16,1,0,1
51,0,1,10,2,1,4,2,2,2,2,1,6,8,16,2,2,1
52,0,0,10,1,1,4,2,2,2,2,0,4,8,16,2,2,1
53,0,0,7,1,1,4,2,2,2,2,0,4,8,4,0,3,0
54,0,0,15,2,2,4,2,0,2,6,3,6,2,14,0,3,0
55,0,1,10,2,1,4,2,2,1,2,3,13,15,25,2,2,1
56,1,0,8,2,2,4,2,2,1,1,2,4,8,3,2,2,1
57,0,1,7,1,1,4,2,2,1,0,3,5,8,3,0,1,1
58,0,0,3,2,2,4,2,2,2,0,0,4,24,2,2,3,0
59,0,0,0,2,2,4,2,0,2,6,0,4,2,31,2,3,1
60,0,0,7,1,1,4,2,2,0,2,3,4,4,2,0,0,1
61,0,0,8,2,1,4,2,2,0,2,0,4,7,3,1,3,0
62,0,1,15,0,1,4,2,2,2,1,0,6,8,3,1,0,1
63,0,0,10,0,1,4,2,2,1,0,0,4,2,14,0,2,1
64,0,1,14,2,2,4,2,2,1,0,0,13,8,14,0,0,1
65,0,0,10,2,1,4,2,2,0,1,0,4,15,8,2,2,1
66,0,0,7,0,1,4,2,2,2,0,0,4,11,2,1,3,0
67,0,0,7,2,1,4,2,2,1,4,0,9,2,4,2,0,1
68,0,0,16,2,2,4,2,2,2,6,1,4,31,2,0,2,1
69,0,1,8,2,1,0,2,2,2,2,3,4,23,4,0,1,1
70,0,0,10,1,1,4,2,2,0,4,0,0,8,33,2,2,1
71,0,1,3,1,2,4,2,2,1,4,0,13,8,2,2,2,1
72,0,0,8,0,1,4,2,2,0,0,2,4,15,33,2,0,1
73,0,0,10,0,1,4,2,2,0,1,3,4,4,2,2,0,1
74,0,0,8,0,1,4,2,2,0,1,0,4,16,16,2,0,1
75,0,0,8,1,2,4,2,2,2,2,0,4,8,20,2,0,1
76,0,1,8,1,1,4,2,1,2,0,3,4,2,2,2,2,1
77,0,1,8,1,1,4,2,2,1,4,0,4,9,14,2,2,1
78,0,0,7,2,1,4,2,2,0,6,0,4,2,2,2,0,1
79,0,0,10,1,1,4,2,2,1,1,0,4,8,14,2,2,1
80,0,2,8,1,1,4,2,2,0,0,0,8,1,2,2,3,1
81,0,0,10,1,1,4,2,2,1,2,1,4,9,3,0,2,1
82,0,0,7,2,1,0,2,0,0,6,3,4,15,2,2,2,1
83,0,0,7,2,2,4,2,2,2,6,0,0,2,2,0,3,0
84,0,0,10,2,1,4,2,2,1,6,0,4,2,33,0,2,1
85,0,0,15,2,2,4,2,2,0,1,0,4,2,14,2,3,0
86,0,1,7,2,1,0,2,2,1,4,3,4,8,3,0,3,1
87,0,0,8,1,1,4,2,2,2,6,3,4,2,2,2,3,1
88,0,1,7,2,1,0,2,2,0,0,3,4,2,2,1,0,1
89,0,0,10,1,1,4,2,2,2,4,0,4,8,25,2,2,1
90,0,1,15,1,1,4,2,2,1,2,3,4,2,2,0,0,1
91,0,0,8,1,1,4,2,2,2,6,0,4,8,2,0,0,1
92,3,0,10,1,1,0,0,2,2,6,0,4,2,14,2,2,1
93,0,0,8,1,1,4,2,2,2,4,0,4,0,2,0,0,1
94,0,1,8,0,1,0,2,2,2,4,0,4,15,14,2,3,0
95,0,0,8,2,4,4,2,2,0,2,1,13,0,14,0,3,0
96,0,0,1,2,2,4,2,2,2,6,0,4,15,16,0,2,1
97,0,0,8,2,2,4,2,2,0,2,1,4,2,3,0,3,0
98,0,1,14,2,1,4,2,2,0,6,3,4,2,18,2,2,1
99,1,0,8,1,2,0,2,2,2,6,3,4,2,2,2,0,1
100,0,0,7,2,2,4,2,2,1,2,3,4,23,23,1,2,1
101,4,1,10,2,1,3,0,2,1,2,0,4,2,14,2,2,1
102,0,0,2,2,2,4,2,2,1,1,3,13,12,31,2,2,1
103,0,0,0,2,2,4,2,2,1,4,0,1,2,3,0,0,1
104,0,0,10,2,1,4,2,2,0,6,0,4,2,2,2,3,0
105,0,0,8,2,2,4,2,2,0,6,2,4,2,2,1,2,1
106,0,1,8,1,2,4,2,2,1,2,3,5,24,14,2,2,1
107,0,0,8,1,2,4,2,2,0,0,3,4,15,14,0,0,1
108,0,0,7,2,1,4,2,2,2,6,0,4,8,2,2,2,1
109,0,0,8,0,1,5,2,1,1,2,3,4,0,2,0,0,1
110,0,0,10,1,1,4,2,2,2,4,3,0,15,2,2,3,0
111,0,0,7,2,2,4,2,2,2,6,3,13,1,2,2,3,0
112,0,0,8,1,2,4,2,2,1,6,0,4,2,16,2,2,1
113,0,0,17,1,1,4,2,2,0,1,0,5,2,6,1,0,1
114,1,0,8,1,2,4,0,2,1,4,3,4,4,3,2,1,1
115,0,1,8,2,2,4,2,2,2,6,0,4,8,2,2,2,1
116,0,0,7,2,2,4,2,2,0,2,0,4,7,2,2,2,1
117,0,0,8,0,1,4,2,2,0,2,3,4,8,2,2,2,1
118,0,0,8,1,2,4,1,2,2,0,3,1,8,2,0,1,1
119,0,2,8,0,1,0,1,2,0,2,2,0,2,33,2,0,1
120,0,0,8,0,2,0,2,2,1,0,0,4,2,2,2,2,1
121,0,1,8,1,1,4,2,2,1,1,3,4,2,6,0,0,1
122,1,1,8,0,2,0,2,2,2,0,3,4,8,14,1,2,1
123,0,1,8,0,1,4,2,2,2,6,3,4,9,2,0,0,1
124,0,1,8,1,1,4,2,2,1,0,0,13,2,14,0,0,1
125,0,1,7,2,1,4,2,2,1,1,3,10,11,2,2,0,1
126,0,1,8,2,4,4,2,2,0,2,3,13,2,3,0,0,1
127,0,1,8,1,4,4,2,2,2,1,3,0,15,2,0,1,1
128,1,0,10,2,2,0,2,2,0,0,0,5,2,26,2,3,0
129,0,1,8,2,4,4,2,2,2,6,3,4,2,14,2,2,1
130,0,0,8,2,0,4,2,2,1,2,3,4,2,14,2,0,1
131,0,1,8,0,2,4,2,2,1,0,1,1,2,23,0,3,1
132,0,1,8,1,4,4,2,2,0,1,2,4,24,3,2,2,1
133,0,1,8,1,1,4,2,2,0,6,3,1,8,2,2,1,1
134,0,1,8,0,1,4,2,2,1,6,3,4,2,4,0,0,1
135,1,1,8,1,2,0,2,2,2,6,3,4,19,18,2,0,1
136,0,0,16,2,1,4,2,2,0,2,1,4,31,5,0,2,1
137,1,1,7,2,1,4,1,2,1,2,0,4,0,2,2,2,1
138,0,1,8,0,4,4,2,0,0,0,0,13,2,33,2,3,1
139,0,1,8,0,4,4,2,1,2,6,3,4,2,33,2,2,1
140,0,1,8,2,4,4,2,2,0,6,3,4,24,24,2,0,1
141,0,0,7,2,1,4,2,2,1,6,3,13,15,3,2,2,1
142,0,0,8,1,1,0,2,2,0,4,0,4,8,14,0,2,1
143,0,0,8,0,2,4,2,2,0,0,3,4,8,2,2,0,1
144,0,0,10,2,1,4,2,2,2,2,0,4,15,2,2,1,1
145,0,1,8,1,1,3,2,2,1,4,3,4,15,2,0,3,0
146,0,1,8,2,1,0,2,2,1,0,3,4,8,16,2,0,1
147,0,0,8,0,2,0,2,2,2,0,0,4,15,33,2,1,1
148,0,0,8,2,2,4,2,2,0,6,3,4,2,20,2,0,1
149,0,1,15,2,2,4,2,0,2,4,0,0,8,12,2,0,1
150,0,0,8,0,1,4,2,2,2,6,0,4,8,2,2,3,1
151,0,1,8,1,1,4,2,2,2,6,3,13,2,31,2,0,1
152,0,0,8,0,4,4,2,2,0,0,0,4,2,3,2,2,1
153,0,0,7,2,1,4,2,2,2,1,0,4,5,14,0,2,0
154,0,0,7,2,1,4,2,2,1,4,1,4,15,2,2,2,1
155,0,0,8,0,1,4,2,2,1,1,3,4,2,2,0,0,1
156,0,0,7,2,1,4,2,2,0,6,3,0,14,2,2,2,1
157,0,0,8,1,1,4,2,2,1,2,3,4,2,14,2,2,1
158,0,1,8,2,1,4,2,2,1,4,1,4,2,31,2,0,1
159,0,0,7,0,2,4,2,2,1,6,0,5,2,3,2,2,1
160,0,0,7,2,2,4,2,2,2,1,3,5,29,6,2,3,0
161,0,0,10,1,1,4,2,2,0,6,0,4,2,21,0,0,1
162,0,1,3,0,2,4,2,2,1,6,0,4,27,8,2,2,1
163,0,1,8,1,1,3,2,2,0,2,0,0,2,14,2,1,1
164,0,0,7,1,1,1,0,2,0,1,3,4,2,6,0,2,1
165,0,0,8,1,2,0,2,2,1,0,3,7,8,6,2,0,1
166,0,1,8,2,1,4,2,2,1,2,3,4,16,34,2,2,1
167,0,1,8,0,1,4,2,2,0,2,3,1,15,3,2,0,1
168,0,1,17,2,1,4,2,2,1,6,3,0,8,6,0,2,1
169,0,0,16,2,1,4,2,2,0,0,0,4,2,31,0,3,0
170,0,1,8,1,2,4,2,2,0,2,3,4,8,14,0,2,1
171,0,1,15,0,2,4,2,2,0,1,3,4,0,2,2,2,1
172,0,1,8,2,4,4,2,0,2,4,3,6,15,18,0,3,1
173,0,1,8,1,1,4,2,2,2,2,3,4,0,2,0,0,1
174,0,0,7,0,1,4,2,2,2,6,0,4,8,3,2,0,1
175,0,0,7,2,1,4,2,2,2,6,3,4,2,14,2,3,0
176,0,0,8,2,1,4,2,2,0,0,0,1,24,21,0,2,1
177,0,0,10,1,2,4,2,2,1,1,0,4,2,8,2,2,1
178,0,1,8,1,4,4,2,2,1,4,3,13,1,2,2,2,1
179,0,1,8,1,1,4,2,2,1,4,0,4,15,3,0,1,1
180,0,1,15,1,4,4,2,2,1,2,0,13,2,31,0,0,1
181,4,1,8,2,1,0,0,2,1,2,0,4,2,2,2,0,1
182,0,1,7,2,1,4,2,2,1,1,1,6,15,4,2,2,1
183,0,1,8,1,4,4,2,2,1,4,2,5,2,8,2,2,1
184,0,1,8,0,4,4,2,2,0,2,3,4,2,31,2,2,1
185,0,1,15,2,1,4,2,2,0,2,0,5,2,2,1,3,0
186,0,0,8,1,2,4,2,2,0,2,3,5,8,2,0,0,1
187,0,1,8,0,2,4,2,2,0,2,0,0,4,33,0,2,1
188,0,0,8,0,1,4,2,2,2,0,1,4,2,14,2,2,1
189,0,0,8,2,2,4,2,0,1,6,0,6,8,21,2,0,1
190,0,1,8,0,4,4,2,2,0,6,1,4,2,33,2,0,1
191,2,0,10,0,2,0,0,2,0,4,0,4,2,14,2,2,1
192,0,1,8,1,1,4,2,2,2,4,3,4,2,33,2,0,1
193,0,0,8,0,1,4,2,2,1,0,3,4,15,16,0,1,1
194,0,1,8,2,1,4,2,2,1,0,0,4,2,2,2,2,1
195,0,0,8,0,2,4,2,2,2,4,0,4,15,8,2,1,1
196,0,0,8,1,1,4,2,2,1,0,0,4,28,19,2,2,1
197,0,0,7,2,2,4,2,0,2,6,3,5,15,29,2,0,1
198,2,0,10,1,2,3,1,2,0,2,3,4,15,2,2,3,0
199,0,0,7,2,2,4,2,2,2,6,3,13,2,16,2,0,1
200,0,0,7,2,2,4,2,2,0,4,2,4,15,2,1,0,1
201,0,0,7,2,4,4,2,2,2,6,0,4,28,34,2,3,0
202,0,1,8,1,1,0,2,2,2,1,3,4,2,2,0,2,1
203,0,1,7,2,1,4,2,2,0,4,0,4,2,14,2,2,1
204,0,0,8,0,1,4,2,2,0,0,3,4,2,2,0,2,1
205,0,0,7,2,2,4,2,0,2,4,2,5,10,4,2,2,1
206,0,1,8,1,2,4,2,2,2,0,3,4,8,2,2,2,1
207,0,0,8,1,2,4,0,2,0,1,2,4,8,8,2,1,1
208,0,0,8,1,1,4,2,2,1,4,3,4,8,2,2,1,1
209,0,0,8,0,1,4,2,1,0,6,3,4,15,2,2,0,1
210,0,1,8,0,4,4,2,2,1,2,1,4,23,10,0,0,1
211,0,0,8,1,1,4,2,2,0,6,3,4,15,2,2,2,1
212,4,1,8,2,1,0,0,2,0,6,0,4,2,14,1,2,1
213,0,0,8,0,1,4,2,2,0,6,0,4,2,2,2,3,0
214,0,1,8,2,1,4,2,2,1,0,0,4,4,2,2,2,1
215,2,0,10,1,2,0,2,2,1,4,0,4,2,14,2,2,1
216,0,1,8,1,1,4,2,2,1,2,3,13,2,8,2,2,1
217,4,1,10,2,2,0,0,2,1,6,0,4,2,31,2,2,1
218,4,0,8,0,2,0,0,1,1,2,0,4,2,14,2,2,1
219,0,1,8,0,4,4,2,2,1,0,0,4,8,8,2,0,1
220,0,1,8,2,1,4,2,2,1,4,0,4,2,14,2,0,1
221,0,1,8,1,1,4,2,2,0,5,2,13,15,3,0,0,1
222,4,1,10,0,0,3,2,2,0,6,0,4,8,2,0,1,1
223,0,1,8,1,1,4,2,0,2,6,3,4,2,14,2,2,1
224,0,1,8,1,1,4,2,2,1,2,0,4,8,2,2,2,1
225,4,0,10,1,2,3,0,2,1,4,3,4,15,8,2,2,1
226,0,0,8,2,4,4,2,0,0,6,0,4,2,16,2,3,0
227,0,1,8,1,1,4,2,2,1,2,0,4,8,14,2,2,1
228,0,1,8,2,4,4,2,2,1,6,3,0,9,8,2,3,0
229,0,0,8,2,2,4,2,2,0,6,3,1,15,2,1,1,1
230,0,1,8,2,2,4,2,2,1,0,3,4,8,2,0,0,1
231,0,1,8,0,1,0,2,2,2,6,3,4,9,3,2,1,1
232,4,1,10,1,4,0,0,2,2,6,0,4,2,14,2,2,1
233,0,0,8,1,1,4,2,2,2,6,1,6,8,14,0,0,1
234,0,1,8,1,1,0,2,2,1,4,3,4,2,14,2,2,1
235,0,0,7,2,1,0,2,2,2,6,0,13,2,7,2,3,0
236,0,1,10,2,1,4,2,2,1,0,3,6,2,2,2,0,1
237,0,0,7,2,1,4,2,2,1,6,1,4,9,2,2,2,1
238,0,0,17,2,1,4,2,2,1,6,3,4,2,2,1,1,1
239,0,1,8,1,1,4,2,2,1,1,3,13,2,14,2,0,1
240,0,1,8,2,4,4,2,2,2,4,0,4,2,14,2,0,1
241,0,1,8,1,1,4,2,2,2,3,1,4,1,16,2,0,1
242,0,1,8,0,4,4,2,0,1,0,0,4,8,18,2,0,1
243,0,0,7,1,1,4,2,0,2,4,0,4,2,28,0,3,0
244,0,1,16,2,1,4,2,2,1,0,3,4,24,2,2,1,1
245,0,1,15,1,1,0,2,2,0,6,3,4,31,33,2,2,1
246,0,1,8,2,1,4,2,2,0,4,0,13,2,25,1,0,1
247,0,1,8,2,1,4,2,2,1,2,3,4,23,18,2,2,1
248,0,0,7,2,1,4,2,2,1,4,1,4,15,3,2,1,1
249,0,1,8,0,4,4,2,0,2,0,3,4,0,8,2,2,1
250,0,0,8,1,2,4,2,2,1,0,2,4,2,2,0,0,1
251,0,1,18,2,2,4,2,2,2,6,3,5,14,17,2,3,1
252,2,0,10,2,2,0,1,2,0,2,1,4,2,2,2,2,1
253,3,0,10,2,4,1,0,0,2,2,0,4,9,14,2,2,1
254,0,1,7,2,1,0,2,2,1,2,0,13,23,5,2,0,1
255,4,1,8,0,4,2,0,2,1,2,0,4,2,8,2,0,1
256,0,0,8,2,1,4,2,2,0,0,3,4,4,3,0,0,1
257,0,0,8,1,1,4,2,2,0,6,3,1,2,14,0,3,0
258,0,1,15,2,1,4,2,2,1,2,0,4,2,2,2,2,0
259,0,0,7,2,2,4,2,2,0,6,3,5,28,26,0,0,1
260,0,0,7,2,1,0,2,2,0,6,3,4,8,14,0,0,1
261,3,1,10,1,1,0,0,2,0,2,0,13,2,8,2,2,1
262,0,0,8,2,1,4,2,2,2,6,0,4,2,33,2,2,1
263,0,1,8,1,1,4,2,2,1,1,0,4,8,4,2,0,1
264,4,1,8,2,1,0,0,2,1,0,3,4,9,8,2,0,1
265,0,0,8,1,1,4,2,0,0,6,0,4,8,2,2,2,1
266,0,0,8,2,1,4,2,0,0,6,3,4,2,2,0,1,1
267,0,1,8,1,1,0,2,2,0,2,0,13,2,14,0,0,1
268,0,0,7,2,1,4,2,0,0,1,3,4,2,3,1,2,1
269,0,0,10,1,1,0,2,0,0,2,0,11,9,8,2,2,1
270,0,0,8,2,1,4,2,0,1,6,3,7,6,4,2,1,1
271,0,0,8,1,4,4,2,2,1,1,0,0,8,14,0,0,1
272,0,0,10,2,1,4,2,2,1,6,0,4,2,14,2,2,1
273,2,0,15,2,1,0,0,2,1,2,0,4,0,14,2,3,1
274,1,0,8,2,1,3,2,2,1,1,0,13,2,0,2,2,1
275,0,1,8,1,4,4,2,2,0,2,3,4,15,4,2,2,1
276,2,0,15,2,2,1,0,2,1,2,0,4,9,2,2,2,1
277,0,0,8,1,1,4,2,2,0,6,0,4,0,2,0,2,1
278,0,0,7,2,2,4,2,2,1,4,0,5,23,18,2,3,0
279,2,1,15,0,1,0,0,1,1,2,3,4,2,2,2,2,1
280,0,0,8,1,4,4,2,0,1,6,3,4,7,4,2,2,1
281,0,0,8,1,2,4,2,2,0,2,0,4,4,14,2,2,1
282,0,1,5,2,1,0,2,2,0,0,3,4,15,14,0,2,1
283,0,0,8,2,1,4,2,2,2,6,3,4,2,2,2,2,1
284,1,0,8,1,2,0,0,2,1,2,0,4,0,3,2,0,1
285,0,0,8,0,2,4,2,2,1,2,0,1,2,2,0,3,0
286,4,0,7,2,1,5,0,2,2,2,3,13,15,14,2,0,1
287,0,0,10,2,1,4,2,2,2,6,3,4,15,14,0,3,0
288,0,1,8,2,1,4,2,2,0,2,3,4,2,2,2,0,1
289,0,1,7,2,1,3,2,2,0,2,0,4,19,4,0,0,0
290,0,0,8,2,4,4,2,2,1,1,3,4,2,33,2,0,1
291,0,0,8,0,4,4,2,2,1,0,1,4,8,8,2,2,0
292,0,1,8,1,4,4,2,1,1,6,0,4,2,2,2,3,0
293,0,1,8,0,1,4,2,2,2,1,3,1,1,14,2,2,1
294,0,1,8,0,4,4,2,2,2,6,3,4,2,3,2,0,0
295,0,0,8,0,1,4,2,2,0,0,0,4,23,2,2,2,1
296,0,0,10,1,2,4,2,2,1,1,3,4,2,14,2,2,0
297,4,0,8,0,1,0,0,1,1,0,1,13,15,14,2,2,1
298,0,1,8,1,1,4,2,2,0,0,3,4,2,2,2,2,1
299,4,1,8,2,2,2,0,2,1,0,3,13,2,1,2,2,1
300,2,1,8,1,2,5,0,0,2,2,0,4,15,8,2,1,1
301,0,0,8,0,4,4,2,2,1,0,3,4,2,14,2,2,1
302,4,0,8,1,1,1,0,2,1,0,3,4,2,14,2,2,1
303,3,0,8,0,2,0,0,2,1,1,0,4,2,3,2,2,1
304,3,0,8,2,1,0,0,2,1,0,3,4,2,8,2,2,1
305,3,0,8,0,1,0,0,2,1,1,0,4,2,8,2,2,1
306,3,0,8,0,1,0,0,2,1,6,3,4,2,14,2,1,1
307,0,1,8,2,1,0,2,2,1,4,3,13,18,31,2,2,0
308,0,1,8,0,1,4,2,2,2,2,0,4,30,3,0,3,0
309,0,1,8,0,1,5,2,2,2,6,0,4,8,2,2,2,1
310,0,1,15,0,1,4,2,2,2,1,3,5,0,23,2,3,0
311,3,0,8,0,1,0,0,2,1,2,0,4,15,33,2,2,1
312,0,1,8,2,4,4,2,2,0,2,0,4,15,33,1,2,0
313,0,0,8,2,1,4,2,0,1,2,2,4,2,14,2,2,1
314,0,1,8,1,4,4,1,2,1,4,1,11,15,3,0,2,0
315,0,0,8,2,1,4,2,2,2,0,0,2,2,2,0,0,1
316,4,0,8,0,1,0,0,2,1,6,3,4,9,2,2,2,1
317,3,0,8,1,1,0,0,2,1,0,2,1,4,2,2,3,1
318,2,0,8,0,4,0,0,0,1,0,3,4,8,14,2,2,1
319,4,1,8,0,4,3,0,2,0,2,3,1,8,2,0,1,0
320,2,0,8,0,1,0,0,0,1,6,0,4,15,14,2,0,0
321,0,0,8,0,1,4,2,2,2,2,0,4,2,2,0,0,0
322,0,1,10,2,1,4,2,2,1,4,3,8,0,2,2,2,1
323,0,0,8,1,1,4,2,2,1,4,2,4,8,8,2,2,1
324,0,1,8,1,2,4,2,2,2,1,1,13,9,14,2,1,1
325,0,1,10,1,1,4,2,2,0,0,3,5,2,2,2,2,1
326,0,0,10,1,1,4,2,2,1,0,3,4,8,14,2,0,1
327,0,0,5,1,2,0,0,1,1,3,2,8,25,4,2,3,0
328,0,0,8,1,1,4,2,2,1,2,0,4,15,2,2,2,1
329,0,0,7,2,2,0,0,2,2,2,0,4,4,14,2,3,0
330,0,1,12,0,1,4,2,1,0,1,0,4,27,23,2,2,1
331,0,0,10,1,1,5,2,2,2,6,0,4,19,34,2,2,1
332,0,1,10,1,2,5,2,2,1,2,3,13,2,15,2,2,0
333,0,1,10,2,1,4,2,2,1,6,0,5,16,4,2,0,0
334,0,1,8,1,1,4,2,2,0,4,3,4,2,3,2,3,0
335,0,0,8,2,1,4,2,2,2,4,3,7,2,2,2,3,0
336,0,0,8,1,2,4,2,2,1,4,3,4,2,3,2,2,1
337,0,1,8,1,2,4,2,2,0,2,0,4,4,2,2,2,0
338,0,1,8,1,1,4,2,2,0,3,0,4,15,3,2,2,1
339,0,0,10,1,1,4,2,2,1,6,0,4,2,16,2,2,1
340,0,0,8,0,2,4,2,2,0,0,3,5,8,2,2,2,0
341,0,0,7,2,1,0,2,2,0,1,0,4,8,3,2,0,1
342,0,0,7,2,1,0,2,2,0,6,2,4,4,2,0,0,0
343,0,1,8,0,1,4,2,2,2,6,3,4,2,2,2,0,0
344,0,1,10,0,1,4,2,2,2,6,3,3,2,2,2,3,0
345,0,0,10,1,1,4,2,2,1,6,0,0,8,16,2,0,1
346,0,1,8,1,1,4,2,0,1,6,3,1,9,23,2,2,1
347,0,0,10,1,1,4,2,2,2,0,0,4,2,2,2,2,1
348,0,1,10,1,1,4,2,2,1,2,0,4,2,31,2,2,1
349,0,0,7,2,1,4,2,2,2,2,3,4,15,2,0,3,0
350,0,1,10,2,1,4,2,2,1,4,0,4,9,14,2,2,1
351,0,1,8,0,1,0,2,2,1,2,1,4,16,4,2,0,1
352,0,0,10,1,1,4,2,2,2,0,0,4,2,14,2,3,0
353,0,1,10,1,1,4,2,2,1,2,0,4,2,16,2,2,0
354,0,0,7,2,1,0,2,2,2,6,3,4,15,8,2,2,1
355,0,0,10,2,2,4,2,2,2,6,3,4,14,2,2,2,0
356,0,0,8,1,1,4,2,2,2,4,0,4,15,2,2,2,1
357,0,0,10,2,1,4,2,0,2,6,1,4,2,2,2,2,0
358,0,0,7,2,2,4,2,2,1,2,0,13,2,16,2,2,1
359,0,0,7,2,2,4,2,2,1,2,2,4,0,2,1,0,1
360,0,0,15,1,1,4,2,2,1,1,0,0,8,20,2,0,0
361,0,0,10,0,1,4,2,2,1,6,3,4,8,2,2,2,0
362,0,1,8,2,4,4,2,2,0,2,2,5,7,2,2,2,1
363,0,0,7,2,1,4,2,2,1,1,3,4,2,34,2,1,0
364,0,0,10,2,1,4,2,2,2,6,0,4,2,14,2,2,1
365,0,1,6,1,1,4,2,0,2,5,3,4,0,3,2,2,1
366,0,0,8,1,1,4,2,2,2,6,0,4,2,3,0,2,1
367,0,1,8,2,1,4,2,2,0,2,0,4,8,2,0,2,0
368,0,0,7,2,1,0,2,1,0,2,3,4,5,4,2,2,0
369,0,0,7,2,1,4,2,2,1,1,0,4,2,14,2,2,0
370,0,0,8,1,1,4,2,2,1,0,0,4,2,3,2,2,1
371,0,0,8,0,2,4,2,1,2,1,3,4,4,14,2,2,0
372,0,0,7,2,1,4,2,2,1,2,0,13,2,33,2,0,1
373,0,0,8,1,1,4,2,2,0,4,0,4,2,14,2,2,1
374,0,1,10,1,1,4,2,1,1,0,0,13,15,3,2,2,1
375,0,0,10,0,1,4,2,2,2,6,3,4,2,2,2,3,0
376,0,0,10,1,2,0,2,2,0,2,3,4,23,4,2,0,1
377,2,0,10,0,1,0,0,2,1,1,2,4,2,2,2,2,1
378,1,1,8,1,1,0,2,2,1,4,3,4,2,13,1,2,0
379,0,0,7,2,1,4,2,2,1,1,2,4,23,19,0,0,1
380,0,0,10,1,1,4,2,2,1,3,0,13,2,30,2,3,0
381,0,0,10,0,1,4,2,2,0,6,3,4,8,2,2,2,0
382,0,0,8,1,1,4,2,2,1,0,3,5,8,2,1,3,0
383,0,1,10,0,1,4,2,1,0,6,3,5,1,23,2,2,1
384,0,1,10,1,1,4,2,2,2,3,3,4,2,33,2,2,1
385,0,1,17,2,2,4,2,2,1,2,0,4,25,22,0,0,1
386,0,0,8,2,1,4,2,2,1,2,0,4,8,2,0,2,1
387,0,1,8,1,1,4,2,2,0,2,2,13,9,3,2,3,0
388,0,0,10,1,1,4,2,0,0,6,3,4,2,33,2,2,1
389,0,0,8,1,4,4,1,2,2,6,0,4,2,2,2,2,0
390,4,1,8,0,1,3,0,2,2,6,3,4,2,3,0,3,0
391,0,1,8,2,1,4,2,0,2,6,0,5,8,22,0,0,0
392,0,1,7,0,0,4,2,2,0,2,0,13,2,31,2,2,1
393,0,1,10,2,1,4,2,2,2,2,0,4,15,14,2,2,1
394,0,1,10,2,1,4,2,2,1,6,1,4,2,2,2,2,1
395,0,1,10,2,1,4,2,2,1,4,0,4,2,14,2,2,0
396,0,0,10,1,1,4,2,2,1,4,0,4,4,2,0,2,0
397,0,0,10,0,1,4,2,2,1,2,0,4,2,14,0,3,0
398,0,0,10,1,1,4,2,2,0,4,0,1,2,27,0,2,1
399,0,0,10,0,1,4,2,0,1,0,0,4,15,8,2,2,1
400,0,0,10,2,2,4,2,2,0,2,0,4,8,14,0,2,1
401,0,0,15,2,1,3,0,2,0,6,0,4,2,16,2,2,1
402,0,1,10,0,1,4,2,2,2,6,2,4,9,8,1,2,1
403,0,1,10,2,1,4,2,2,2,2,1,4,2,2,2,2,1
404,0,0,10,1,2,4,2,2,0,2,0,4,2,14,2,2,1
405,0,1,10,2,1,4,2,2,1,2,0,0,2,14,2,2,1
406,0,0,4,2,1,0,2,2,0,6,0,4,4,16,0,2,1
407,0,0,8,1,2,4,2,2,0,0,3,4,8,8,2,2,1
408,0,0,7,2,1,4,2,2,2,2,0,4,26,20,2,3,0
409,0,0,8,0,2,4,2,2,1,1,0,1,8,3,0,0,0
410,0,0,8,0,4,4,2,2,2,2,0,4,8,2,2,0,0
411,0,0,10,1,1,4,2,2,1,6,0,4,2,14,0,3,0
412,0,0,9,2,1,4,2,2,1,1,0,4,2,3,0,0,1
413,0,0,10,1,1,4,2,2,1,2,0,4,1,19,2,2,0
414,0,1,8,1,4,4,2,2,1,4,1,4,15,2,2,3,0
415,0,0,7,2,2,0,2,2,2,4,3,4,8,2,2,1,0
416,0,0,14,2,1,4,2,2,2,4,2,4,8,14,2,2,1
417,0,0,10,2,1,4,2,2,0,1,2,5,31,3,2,2,1
418,0,0,10,1,1,4,2,2,2,6,0,1,2,8,2,2,1
419,0,0,10,2,1,4,2,2,2,4,0,4,8,33,1,0,1
420,0,0,18,1,1,0,2,2,2,0,0,4,2,18,1,0,0
421,0,0,0,1,1,4,2,2,2,3,0,5,22,6,2,2,0
422,0,0,8,1,1,4,2,2,0,0,3,4,8,14,2,2,0
423,0,1,8,0,1,4,2,2,0,0,0,13,2,14,2,2,1
424,0,0,8,1,1,5,2,0,2,6,3,4,8,2,2,0,0
425,0,0,8,0,1,4,2,0,1,1,0,4,2,14,0,2,1
426,0,0,10,2,1,4,2,0,2,2,3,4,0,3,2,2,1
427,0,1,8,0,4,4,2,2,1,4,2,13,2,2,2,0,0
428,0,0,10,2,1,4,2,2,1,2,0,1,2,3,2,0,1
429,0,0,10,2,2,4,2,2,0,2,0,4,0,3,0,2,1
430,0,0,10,2,1,4,2,0,1,6,0,4,11,14,2,3,0
431,0,1,8,2,1,4,2,2,1,0,0,4,15,8,1,0,0
432,0,0,8,1,4,4,1,2,1,1,3,4,15,8,2,0,1
433,0,0,8,1,1,4,2,2,2,6,0,4,2,4,0,0,1
434,3,1,8,1,4,0,0,2,1,2,3,4,2,14,2,2,1
435,0,1,8,1,1,4,2,2,2,2,0,4,2,2,2,0,1
436,0,0,8,1,2,4,2,2,2,6,3,4,2,3,0,3,0
437,0,1,8,2,1,4,2,2,2,6,0,13,2,2,0,0,0
438,0,0,8,0,2,4,2,2,0,0,0,4,2,16,2,2,1
439,0,0,8,1,1,4,2,2,1,4,0,4,8,3,0,2,1
440,4,1,10,2,2,3,0,2,1,2,0,4,23,3,2,3,0
441,0,1,0,2,2,4,2,2,1,2,3,5,2,16,2,2,1
442,0,0,10,2,1,4,2,2,0,2,0,4,9,5,2,2,1
443,0,1,8,2,2,4,2,2,0,0,1,0,2,2,2,2,0
444,0,0,8,2,1,4,2,2,2,6,0,4,2,3,2,3,0
445,0,1,8,0,1,4,2,2,1,2,0,4,3,2,2,2,0
446,0,1,7,2,1,4,2,2,1,2,3,4,15,14,0,1,1
447,0,1,7,0,1,0,2,2,1,6,3,4,2,2,2,0,0
448,4,0,8,0,1,0,0,2,1,0,0,4,2,14,2,2,1
449,0,1,8,1,1,4,2,2,2,2,1,4,8,2,2,0,0
450,0,0,17,1,1,4,2,1,2,6,0,13,23,5,0,0,1
451,0,0,7,2,2,4,2,2,1,2,0,4,2,8,0,1,1
452,0,0,8,2,4,4,2,0,2,6,0,4,2,2,2,0,0
453,0,1,7,2,1,0,2,2,0,0,0,13,2,2,1,2,1
454,0,1,7,2,1,4,2,2,1,1,3,13,2,31,0,0,1
455,0,1,8,0,4,4,2,2,1,0,0,4,2,14,2,2,1
456,0,1,7,2,2,0,2,0,0,6,3,4,15,16,1,0,0
457,0,1,7,2,1,4,2,2,2,6,3,13,2,2,2,0,0
458,0,1,8,1,1,4,2,2,0,0,0,5,23,29,0,3,0
459,0,1,7,2,1,4,2,2,2,6,0,4,2,14,2,0,1
460,0,1,8,2,2,0,2,2,1,0,2,4,2,14,2,2,1
461,0,0,8,1,1,4,2,2,0,1,0,4,20,23,0,3,0
462,0,1,8,2,2,4,2,2,0,2,2,4,9,4,0,3,0
463,0,1,7,2,4,4,2,2,2,2,0,13,2,33,0,2,1
464,0,1,8,2,4,4,2,2,1,2,2,13,15,31,2,0,1
465,0,0,7,2,1,4,2,1,0,1,0,5,2,2,2,3,0
466,0,1,8,1,2,0,2,0,2,0,1,4,9,3,0,2,0
467,0,0,8,2,4,4,2,2,1,2,3,4,8,2,0,2,0
468,0,0,8,1,2,4,2,2,0,6,3,4,15,2,2,3,0
469,0,0,8,1,1,4,2,2,1,5,0,4,2,31,2,0,1
470,0,1,8,1,2,4,2,2,0,4,3,6,8,33,2,0,1
471,0,0,8,1,2,4,2,2,2,0,1,5,25,4,2,1,0
472,0,1,10,0,4,4,2,2,1,6,0,4,2,2,2,2,0
473,0,1,7,2,1,4,2,2,2,1,0,4,8,14,0,0,0
474,0,1,8,0,1,0,2,2,2,0,3,4,2,2,2,2,0
475,0,1,8,2,1,4,2,1,1,2,0,4,2,3,0,2,1
476,3,0,8,1,2,1,0,2,2,2,0,4,8,2,2,2,1
477,0,1,8,1,1,4,2,2,0,2,0,4,24,5,0,0,1
478,1,1,8,2,1,3,2,2,1,2,3,13,2,31,0,0,1
479,0,0,10,1,2,0,2,2,1,2,2,4,15,3,2,2,1
480,0,1,8,2,1,0,2,2,2,6,3,4,23,2,2,0,0
481,0,1,8,1,2,4,2,2,2,0,3,4,15,14,2,2,0
482,1,0,8,0,2,0,0,2,1,1,0,7,8,33,2,3,0
483,0,0,8,2,2,4,2,2,0,0,0,4,0,33,2,0,1
484,0,0,8,2,1,4,2,2,2,2,3,4,8,14,2,2,0
485,0,1,8,0,1,4,2,2,1,4,0,7,15,2,2,0,0
486,0,0,8,0,2,4,2,2,0,4,0,4,2,33,2,2,1
487,0,1,8,2,2,4,2,2,1,1,2,4,15,3,0,0,0
488,3,0,10,1,2,0,0,2,1,0,0,4,9,2,2,2,1
489,0,0,8,2,2,0,2,2,0,2,3,4,2,3,0,0,1
490,1,0,8,0,1,3,2,1,1,3,2,12,19,10,2,2,1
491,0,0,10,0,1,4,2,2,2,4,3,4,4,2,2,2,0
492,0,1,8,1,2,4,2,2,0,1,1,1,8,2,0,0,0
493,0,0,8,0,2,4,2,2,0,0,3,4,15,2,2,2,1
494,0,0,8,1,2,4,2,2,0,2,0,4,0,14,0,2,1
495,1,1,10,0,2,0,2,2,1,2,2,0,2,2,2,2,0
496,2,1,10,0,1,0,0,2,2,2,3,4,2,14,2,2,1
497,2,1,10,1,2,0,0,2,1,4,0,4,2,2,2,2,1
498,2,0,8,0,1,0,0,2,0,2,0,4,2,2,0,0,1
499,0,1,8,1,1,4,2,1,1,1,3,0,1,5,0,2,1
500,0,1,10,2,1,4,2,2,1,2,0,4,17,3,0,2,1
501,0,0,10,2,0,4,2,2,0,6,1,0,2,8,2,2,1
502,4,0,8,2,1,2,0,2,1,1,0,13,2,3,2,0,1
503,0,0,8,1,4,4,2,2,1,6,3,4,8,2,0,1,1
504,0,0,8,0,1,4,2,2,0,2,1,4,9,8,2,2,0
505,1,1,10,0,1,3,2,2,2,2,0,11,2,2,2,2,0
506,0,0,8,1,1,4,2,2,2,4,3,4,2,16,2,2,0
507,0,1,8,1,1,4,2,2,1,0,3,4,1,2,2,2,0
508,0,0,10,1,1,4,2,2,0,1,1,5,1,4,2,2,1
509,0,1,7,2,2,0,2,2,1,2,0,4,15,4,0,2,0
510,0,0,8,1,2,4,2,2,0,4,0,4,14,14,0,2,0
511,0,0,8,2,1,4,2,2,0,2,2,4,2,14,0,1,1
512,0,1,8,1,1,4,2,2,0,6,0,5,21,13,2,1,0
513,0,0,8,1,1,4,2,2,1,2,2,4,2,14,1,1,1
514,0,0,8,0,2,4,0,2,0,0,0,4,2,2,2,2,0
515,0,0,8,2,1,4,2,2,1,2,3,4,1,2,2,3,0
516,0,1,8,2,1,4,2,2,2,0,3,4,2,2,0,0,1
517,0,0,10,2,2,0,2,2,1,4,0,13,15,31,0,0,1
518,0,0,8,1,1,4,2,2,2,0,0,4,31,18,2,1,1
519,0,1,8,2,1,0,2,2,1,0,2,1,8,8,2,0,1
520,2,0,10,2,2,0,0,2,2,4,3,6,8,3,2,3,0
521,0,0,8,1,1,4,2,2,2,2,3,4,2,14,0,0,1
522,3,1,8,0,1,0,0,1,1,6,3,13,8,33,2,2,1
523,0,0,2,2,1,0,2,1,2,1,0,4,27,9,1,1,0
524,0,0,8,1,1,0,2,2,0,6,2,5,15,2,0,2,1
525,0,0,10,2,1,4,2,2,0,4,3,4,8,2,2,2,1
526,0,1,8,2,4,0,2,2,2,1,0,4,8,2,0,3,0
527,0,1,8,2,1,4,2,2,1,2,0,13,15,2,2,1,0
528,0,0,8,2,1,0,2,2,1,4,2,4,2,8,2,0,1
529,4,1,8,0,2,0,0,2,0,1,1,4,8,3,2,2,1
530,3,0,10,2,2,0,0,2,1,0,3,0,2,14,0,1,0
531,0,1,10,1,1,4,2,0,2,6,3,4,2,14,2,2,1
532,0,0,8,1,2,4,2,2,2,6,3,7,2,2,2,0,0
533,0,0,8,1,1,4,2,2,1,4,3,4,2,2,0,3,0
534,0,1,10,1,1,3,2,2,1,0,2,4,9,2,2,2,0
535,0,1,8,2,1,4,2,2,2,0,0,4,2,2,1,0,0
536,0,0,10,2,1,3,2,2,2,0,0,4,15,5,0,2,1
537,0,0,8,1,2,0,2,2,0,2,0,4,15,17,2,2,1
538,0,0,11,2,4,4,2,2,1,4,0,6,8,3,2,2,1
539,4,1,10,1,0,3,2,2,0,1,1,4,15,2,2,3,0
540,0,0,9,0,1,4,2,2,0,2,0,4,1,14,0,3,0
541,2,0,8,0,1,3,0,2,2,6,3,4,2,3,0,3,0
542,3,1,8,0,3,3,0,2,0,1,2,1,8,2,0,0,0
543,0,0,8,2,1,4,2,2,0,2,1,4,1,2,0,3,0
544,0,0,1,1,1,4,2,2,2,1,0,4,22,4,2,2,0
545,0,0,8,1,1,4,2,2,1,1,3,4,1,2,2,2,0
546,0,0,12,2,1,4,2,0,0,6,0,4,9,12,2,3,0
547,0,0,8,2,2,4,2,2,1,2,3,4,8,2,0,2,0
548,0,0,7,2,1,4,2,2,2,6,1,13,1,2,0,1,0
549,0,0,8,0,3,4,2,2,1,1,0,2,8,2,1,0,0
550,0,0,8,0,2,4,2,2,0,2,0,1,2,2,0,2,0
551,0,1,8,0,2,4,2,2,2,6,3,4,2,2,2,0,0
552,0,0,10,0,1,4,2,2,1,2,0,4,2,14,0,3,0
553,0,0,7,2,1,4,2,2,2,6,0,3,2,2,1,3,0
554,0,0,9,0,1,4,2,1,1,6,3,4,8,2,2,1,0
555,0,0,9,1,1,3,2,2,2,5,2,4,15,14,0,3,0
556,0,1,8,0,1,4,2,2,1,2,0,5,15,2,1,0,0
557,0,0,7,1,1,3,2,2,1,2,3,4,15,2,0,3,0
558,0,0,8,0,1,4,2,2,1,2,0,4,15,2,2,2,0
559,0,0,8,0,1,4,2,2,0,4,3,4,2,2,2,3,0
560,0,1,8,1,1,3,2,2,0,1,2,4,9,3,0,2,0
561,0,0,7,1,3,4,2,2,1,3,1,4,15,2,1,3,0
562,0,0,7,2,1,0,2,1,0,2,3,4,5,3,2,1,0
563,0,0,9,1,1,4,2,2,1,2,0,10,2,31,2,2,0
564,0,0,7,2,1,0,2,1,0,2,3,4,5,3,2,1,0
565,0,0,7,1,1,4,2,1,2,4,0,1,2,31,1,3,0
566,0,0,7,1,1,0,1,0,0,6,2,4,15,15,1,0,0
567,2,0,10,1,1,3,1,2,0,1,2,4,15,2,2,3,0
568,0,0,10,0,1,4,2,2,1,1,0,4,2,14,0,2,0
569,0,0,8,1,1,4,2,2,0,4,3,4,2,2,2,3,0
570,0,0,15,2,1,4,2,0,0,6,1,5,5,12,1,3,0
571,0,0,5,1,1,4,2,2,2,0,0,4,26,2,1,3,0
572,0,1,8,1,1,4,2,2,0,2,1,13,9,2,2,2,0
573,0,0,7,1,1,0,2,2,0,6,2,4,3,2,0,0,0
574,0,0,8,1,1,4,2,2,0,2,0,4,8,2,0,1,0
575,0,0,7,1,2,4,2,2,2,6,0,4,2,2,0,1,0
576,0,0,9,0,1,4,2,1,1,6,3,4,8,2,2,1,0
577,0,1,8,1,2,2,2,2,0,0,1,0,2,2,2,2,0
578,0,0,10,1,1,4,2,2,1,5,0,4,2,14,0,2,0
579,0,0,8,0,1,4,2,1,2,3,3,4,2,15,2,2,0
580,0,0,7,0,3,3,2,2,1,4,1,13,2,2,2,0,0
581,0,0,8,1,1,4,2,2,0,2,1,4,9,5,0,2,0
582,0,1,7,0,1,1,2,2,1,6,3,4,2,2,2,0,0
583,0,1,8,1,1,4,2,2,0,2,0,4,8,2,0,1,0
584,0,0,10,0,1,4,2,2,1,1,0,4,2,14,0,2,0
585,0,0,4,1,1,4,2,2,2,1,0,5,23,4,2,1,0
586,0,0,7,1,1,3,2,2,1,2,3,4,15,2,0,3,0
587,0,0,10,1,1,4,2,2,1,1,0,4,1,18,2,2,0
588,0,1,8,0,1,2,2,2,2,1,2,4,15,14,2,2,0
589,0,0,11,2,1,4,2,0,0,6,0,4,10,13,2,3,0
590,0,0,7,1,1,4,2,2,0,0,0,4,23,29,0,3,0
591,0,1,8,1,2,3,1,2,0,2,2,3,8,3,0,2,0
592,0,0,7,2,1,0,2,1,0,3,2,4,4,3,1,1,0
593,0,0,7,2,1,4,2,1,0,1,0,4,2,2,0,3,0
594,0,1,8,0,1,4,2,2,0,2,0,4,3,2,2,2,0
595,0,0,7,1,1,3,2,2,2,5,0,6,19,25,2,3,0
596,0,0,10,1,1,4,2,2,1,0,0,4,2,14,2,2,0
597,1,0,8,1,0,3,2,2,1,1,0,4,15,2,2,3,0
598,0,0,10,0,1,4,2,2,1,1,0,4,2,14,0,3,0
599,0,1,7,0,1,1,2,2,0,5,3,4,2,2,2,1,0
600,0,1,8,0,1,4,2,2,0,4,3,3,2,2,2,3,0
601,0,0,10,1,1,4,2,2,0,1,0,4,2,15,2,2,0
602,0,0,13,1,1,4,2,2,1,1,0,1,6,19,2,0,0
603,0,0,9,0,1,4,2,2,1,3,0,4,3,2,0,1,0
604,0,1,8,0,1,3,2,2,0,2,1,12,5,2,2,2,0
605,0,0,7,1,1,4,2,2,0,0,1,4,6,14,1,2,0
606,2,0,10,1,1,3,1,2,0,1,2,4,15,2,2,3,0
607,0,0,7,1,2,4,2,1,1,6,0,5,18,23,2,3,0
608,0,0,7,2,1,4,2,2,1,3,0,4,23,18,2,3,0
609,0,0,7,0,1,4,2,2,2,0,0,4,9,2,0,3,0
610,0,1,7,0,1,0,2,2,1,6,3,4,2,2,2,0,0
611,0,0,7,2,1,0,2,1,0,3,2,4,4,3,1,1,0
612,0,0,8,1,3,4,2,2,1,3,0,4,15,2,2,3,0
613,0,0,7,1,1,2,2,1,0,3,3,4,2,3,2,2,0
614,0,0,8,0,1,4,2,2,2,2,0,4,8,2,2,0,0
615,0,0,7,2,1,4,2,1,0,1,0,4,2,2,1,3,0
616,0,1,8,0,1,4,2,2,1,1,0,4,2,2,1,1,0
617,0,0,10,0,1,4,2,2,1,3,0,4,2,14,0,3,0
618,0,1,8,0,1,4,2,2,1,0,2,4,1,2,2,2,0
619,0,0,10,0,1,4,2,2,2,4,3,4,3,2,2,2,0
620,0,0,8,2,1,4,2,2,1,3,3,6,1,2,2,3,0
621,0,1,8,0,1,4,2,2,0,2,0,4,3,2,2,2,0
622,0,0,8,1,1,3,1,2,0,3,3,4,15,2,0,3,0
623,0,1,14,2,1,4,2,2,0,1,0,4,2,3,2,2,0
624,0,1,8,1,2,4,1,2,1,4,0,8,15,3,0,1,0
625,1,1,8,0,2,3,1,2,0,1,1,1,8,2,0,0,0
626,0,0,10,0,1,4,2,2,1,0,0,4,2,14,1,3,0
627,0,0,7,1,1,4,2,2,0,1,0,4,20,22,0,3,0
628,0,0,8,1,1,4,2,2,0,2,3,4,1,2,2,3,0
629,0,0,8,0,1,4,2,2,2,1,0,4,27,3,0,2,0
630,0,1,8,1,1,4,2,2,1,0,1,4,1,2,1,0,0
631,0,0,8,1,3,4,2,2,0,2,1,13,0,14,0,2,0
632,0,0,8,0,1,4,0,2,0,0,0,4,2,2,1,1,0
633,0,1,8,0,1,0,2,2,1,4,0,4,15,13,2,2,0
634,0,0,8,1,1,4,2,2,1,2,0,8,15,2,2,1,0
635,0,0,9,0,1,4,2,2,2,6,3,3,2,2,1,3,0
636,0,1,7,0,1,4,2,2,1,2,0,4,30,4,0,2,0
637,0,0,7,2,1,4,2,0,1,6,0,4,15,15,1,3,0
638,0,0,8,1,1,4,2,2,0,2,1,4,2,2,0,3,0
639,0,0,7,2,1,1,2,2,2,6,0,13,2,5,2,2,0
640,0,0,8,2,1,1,2,2,0,0,1,4,2,29,2,2,0
641,1,0,8,2,2,0,0,2,2,4,3,5,8,2,2,2,0
642,0,0,7,1,1,4,2,0,2,3,0,4,2,27,0,3,0
643,0,1,14,2,1,4,2,2,0,1,0,5,2,2,1,3,0
644,0,0,7,1,1,1,2,2,1,1,1,6,23,28,1,3,0
645,0,0,7,1,1,4,2,2,2,2,0,4,8,3,0,2,0
646,0,0,9,1,1,4,2,0,0,5,0,4,11,14,1,2,0
647,0,0,7,1,2,4,2,2,1,2,2,4,15,2,0,3,0
648,0,0,10,1,1,1,2,2,0,0,0,4,1,23,2,2,0
649,0,0,8,1,1,4,2,2,2,2,3,4,15,14,1,2,0
650,0,0,8,0,2,4,2,2,1,1,0,1,8,2,0,0,0
651,0,0,7,1,1,4,2,2,0,2,1,4,8,4,0,3,0
652,0,0,7,2,1,4,2,2,2,1,0,4,5,14,0,2,0
653,0,0,16,1,1,0,2,2,1,0,0,4,1,18,1,0,0
654,0,0,7,1,1,4,2,2,0,3,0,4,22,19,1,3,0
655,0,0,7,2,1,4,2,2,1,1,0,4,3,14,1,2,0
656,0,0,9,0,1,4,2,2,1,4,3,4,3,2,2,2,0
657,0,0,10,0,1,4,2,2,0,5,3,4,6,2,2,2,0
658,0,0,4,1,2,1,0,1,1,2,1,6,24,3,2,3,0
659,0,0,7,2,1,4,2,2,1,1,3,4,2,26,2,2,0
660,0,1,8,1,1,4,2,2,1,0,0,4,1,2,1,0,0
661,1,0,9,1,2,3,1,2,0,2,2,4,15,2,2,3,0
662,0,0,8,1,4,4,1,1,1,6,0,4,2,2,2,2,0
663,0,0,7,1,1,4,2,1,2,1,2,4,2,25,1,3,0
664,0,0,10,2,1,4,2,2,0,1,0,5,2,4,1,3,0
665,0,0,8,1,1,3,2,2,1,3,2,4,15,2,0,3,0
666,0,1,15,2,1,4,2,2,0,2,0,4,2,2,1,2,0
667,3,0,9,1,0,3,2,2,0,1,1,4,15,2,1,3,0
668,0,0,7,1,1,4,2,2,1,5,0,5,19,25,1,3,0
669,0,1,8,1,1,4,2,2,2,2,1,4,8,2,2,1,0
670,0,0,0,1,1,3,1,1,1,3,0,5,22,5,2,2,0
671,0,0,8,1,1,0,2,2,1,4,3,4,2,13,1,2,0
672,0,0,8,1,4,4,2,0,1,6,0,4,2,2,2,0,0
673,0,0,8,1,1,4,2,2,1,2,3,4,1,2,1,3,0
674,0,1,7,1,1,0,2,0,0,5,2,4,15,15,1,0,0
675,0,1,9,0,1,0,2,2,1,2,1,0,2,2,2,2,0
676,0,0,8,1,1,4,2,2,1,0,3,4,1,2,2,2,0
677,0,1,8,1,1,4,2,2,0,0,1,1,1,2,2,2,0
678,0,0,5,1,1,2,2,1,1,1,0,4,29,11,0,0,0
679,0,0,8,1,3,4,2,2,0,1,3,4,8,2,0,2,0
680,0,0,7,1,1,4,2,2,1,1,0,4,25,20,1,3,0
681,0,0,8,1,1,3,2,2,2,0,1,4,24,3,2,0,0
682,0,1,8,1,1,3,2,2,0,1,0,4,8,2,0,2,0
683,0,0,8,1,1,4,2,2,1,1,1,4,15,2,0,0,0
684,0,0,10,2,1,4,2,1,1,6,2,4,13,14,0,3,0
685,0,0,0,1,1,3,1,1,1,3,0,5,22,5,2,2,0
686,0,0,9,0,1,3,2,2,0,0,2,4,8,2,2,2,0
687,0,0,7,1,1,4,2,1,2,1,1,4,4,14,0,2,0
688,0,0,7,1,1,4,2,2,1,1,0,4,2,14,2,2,0
689,0,0,7,1,1,4,2,2,0,5,0,5,21,13,2,1,0
690,0,0,7,1,1,1,2,2,1,1,1,6,23,28,1,3,0
691,0,0,9,2,1,4,2,0,2,6,0,4,2,2,2,2,0
692,0,0,7,2,1,4,2,2,1,2,0,4,24,19,2,3,0
693,1,1,8,0,1,3,2,2,2,0,0,7,2,2,0,2,0
694,0,0,8,2,3,4,2,0,2,6,0,4,2,2,2,0,0
695,0,1,8,2,2,1,2,2,1,1,0,4,8,2,0,2,0
696,0,0,8,0,2,4,2,1,1,1,3,4,3,14,2,2,0
697,0,0,7,0,1,0,2,2,1,6,3,4,2,2,2,0,0
698,0,0,8,0,1,0,1,1,1,4,0,4,15,14,2,2,0
699,0,0,7,2,1,0,1,1,0,2,3,4,5,3,2,2,0
700,0,0,10,1,1,4,2,2,1,0,0,4,1,15,2,2,0
701,0,0,8,1,1,0,2,2,1,4,3,4,2,13,1,2,0
702,0,0,8,1,4,4,1,1,1,6,0,4,2,2,2,2,0
703,0,0,8,1,1,4,2,2,1,2,0,9,15,2,2,1,0
704,0,0,7,0,1,2,1,0,1,3,0,4,3,29,0,3,0
705,0,0,8,0,1,4,2,2,0,6,0,4,2,2,2,3,0
706,3,0,9,1,2,3,0,2,1,1,0,4,23,3,2,2,0
707,0,0,7,2,1,4,2,2,1,4,1,1,2,33,2,2,0
708,0,0,12,2,1,4,2,0,0,6,0,4,9,12,2,3,0
709,0,0,11,2,1,4,2,0,1,4,0,4,2,2,1,2,0
710,0,0,8,1,1,4,2,2,1,4,2,4,2,15,2,2,0
711,0,0,10,1,1,4,2,2,1,1,0,4,2,15,2,2,0
712,0,0,7,2,2,4,2,2,2,6,0,1,2,2,0,2,0
713,0,1,7,1,1,0,2,0,0,5,2,4,15,15,1,0,0
714,0,1,9,0,2,0,2,2,0,1,1,0,2,2,2,2,0
715,0,0,8,0,1,4,2,2,1,2,0,4,2,2,1,1,0
716,0,0,9,0,4,4,2,1,1,6,0,4,2,2,2,1,0
717,0,0,8,1,2,4,2,2,0,2,1,4,14,14,0,2,0
718,0,0,10,2,1,4,2,2,0,1,0,4,2,4,0,3,0
719,0,0,7,1,1,4,2,2,1,3,3,4,15,2,0,3,0
720,0,1,8,0,1,4,2,2,0,2,0,4,3,2,2,2,0
721,0,1,8,0,1,4,2,2,0,4,3,3,2,2,2,3,0
722,0,1,8,0,1,4,2,2,2,6,3,4,2,2,2,0,0
723,0,1,8,0,1,2,2,2,1,1,1,4,2,2,2,2,0
724,0,0,8,1,1,4,2,2,0,0,3,4,8,14,2,2,0
725,0,0,9,1,1,4,2,2,1,0,0,4,2,14,2,2,0
726,0,0,8,0,4,4,2,2,1,2,1,4,8,2,1,0,0
727,0,0,8,1,4,4,1,1,1,6,0,4,2,2,2,2,0
728,0,0,7,1,1,0,2,2,1,5,0,13,2,6,2,2,0
729,0,1,7,2,1,3,2,2,0,3,0,4,18,4,0,0,0
730,0,1,8,1,1,4,2,2,0,1,0,1,8,2,0,0,0
731,0,0,7,1,1,4,2,1,1,1,2,4,2,32,1,1,0
732,0,0,8,0,1,4,2,2,1,2,0,4,2,2,0,0,0
733,0,0,7,1,1,4,2,2,0,0,2,4,8,14,1,1,0
734,0,0,10,1,1,4,2,2,0,6,0,4,2,2,2,2,0
735,0,0,7,1,2,1,2,2,2,1,0,4,8,2,0,3,0
736,0,0,16,0,1,2,2,2,2,0,1,4,0,20,1,1,0
737,0,0,10,1,1,4,2,2,2,4,3,1,14,2,2,2,0
738,0,0,7,2,1,0,2,2,1,2,0,4,15,3,0,2,0
739,0,0,10,0,1,4,2,2,1,0,0,4,2,14,1,3,0
740,0,0,7,1,1,4,2,0,1,3,0,5,2,28,0,3,0
741,0,1,8,1,1,4,2,2,1,0,2,4,15,12,1,1,0
742,0,0,8,1,2,4,2,2,0,2,0,4,3,2,1,2,0
743,0,1,8,1,1,4,2,2,0,1,0,3,8,2,0,1,0
744,0,1,8,2,1,3,2,2,0,4,0,4,17,4,1,0,0
745,0,0,8,1,4,4,2,0,1,6,0,4,2,2,2,1,0
746,0,1,8,0,1,2,2,2,1,2,0,2,2,2,2,2,0
747,0,1,8,1,1,4,2,2,1,2,1,5,15,2,0,0,0
748,0,0,10,0,1,4,2,2,1,4,3,4,4,2,2,2,0
749,0,0,10,0,1,4,2,2,2,5,3,3,2,2,2,2,0
750,0,0,7,1,1,3,2,1,2,1,0,4,8,3,0,2,0
751,0,0,8,0,2,4,2,2,1,1,0,2,8,2,0,0,0
752,0,0,8,0,1,4,2,1,0,6,0,4,2,2,2,3,0
753,0,1,8,0,3,3,2,2,1,3,1,12,2,2,2,0,0
754,0,0,10,2,1,4,2,0,1,6,0,4,2,2,2,2,0
755,0,0,17,0,1,0,2,2,2,0,0,4,1,18,1,0,0
756,0,0,9,2,1,4,2,0,1,6,0,4,10,15,1,2,0
757,0,0,7,0,1,3,2,2,1,6,3,6,2,2,2,0,0
758,0,1,8,1,4,4,1,2,1,4,1,6,15,2,1,2,0
759,0,0,9,1,1,4,2,2,0,0,3,4,3,14,2,2,0
760,0,0,7,2,1,0,2,1,1,3,3,4,6,2,2,1,0
761,0,0,7,1,1,0,2,1,0,1,3,4,4,3,2,2,0
762,0,0,10,2,1,4,2,1,0,6,0,4,2,2,2,2,0
763,0,0,8,1,3,4,2,2,0,1,3,4,8,2,0,2,0
764,0,0,6,1,2,2,1,1,1,1,1,6,25,4,2,1,0
765,0,0,7,0,1,4,2,2,2,0,0,4,10,2,0,3,0
766,0,0,9,1,1,4,2,2,1,4,1,4,2,14,2,2,0
767,0,0,10,2,1,4,2,1,0,6,0,4,2,2,2,2,0
